Workbook

Sheet StudyPlan
A1: Date | B1: Day | C1: Focus | D1: Vocab IDs | E1: Grammar IDs | F1: Study Time (min) | G1: Completed (✔) | H1: Completion % | I1: Notes
A2: 46125 | B2: Monday | C2: Vocab + Grammar | D2: V001–V015 | E2: G001–G002 | H2: =IF(G2="✔",100,0) -> 0
A3: 46126 | B3: Tuesday | C3: Vocab + Grammar | D3: V001–V015 | E3: G001–G002 | H3: =IF(G3="✔",100,0) -> 0
A4: 46127 | B4: Wednesday | C4: Vocab + Grammar | D4: V001–V015 | E4: G001–G002 | H4: =IF(G4="✔",100,0) -> 0
A5: 46128 | B5: Thursday | C5: Vocab + Grammar | D5: V001–V015 | E5: G001–G002 | H5: =IF(G5="✔",100,0) -> 0
A6: 46129 | B6: Friday | C6: Vocab + Grammar | D6: V001–V015 | E6: G001–G002 | H6: =IF(G6="✔",100,0) -> 0
A7: 46130 | B7: Saturday | C7: Vocab + Grammar | D7: V001–V015 | E7: G001–G002 | H7: =IF(G7="✔",100,0) -> 0
A8: 46131 | B8: Sunday | C8: Vocab + Grammar | D8: V001–V015 | E8: G001–G002 | H8: =IF(G8="✔",100,0) -> 0
A9: 46132 | B9: Monday | C9: Vocab + Grammar | D9: V001–V015 | E9: G001–G002 | H9: =IF(G9="✔",100,0) -> 0
A10: 46133 | B10: Tuesday | C10: Vocab + Grammar | D10: V001–V015 | E10: G001–G002 | H10: =IF(G10="✔",100,0) -> 0
A11: 46134 | B11: Wednesday | C11: Vocab + Grammar | D11: V001–V015 | E11: G001–G002 | H11: =IF(G11="✔",100,0) -> 0
A12: 46135 | B12: Thursday | C12: Vocab + Grammar | D12: V001–V015 | E12: G001–G002 | H12: =IF(G12="✔",100,0) -> 0
A13: 46136 | B13: Friday | C13: Vocab + Grammar | D13: V001–V015 | E13: G001–G002 | H13: =IF(G13="✔",100,0) -> 0
... A91: 46214 | B91: Saturday | C91: Vocab + Grammar | D91: V001–V015 | E91: G001–G002 | H91: =IF(G91="✔",100,0) -> 0

Sheet Vocabulary
A1: Vocab ID | B1: Word | C1: Pronunciation | D1: Meaning | E1: Example | F1: Learned (✔) | G1: Review D+1 | H1: Review D+7 | I1: Review D+14
A2: V001 | B2: 判断 | C2: はんだん | D2: judgment | E2: 状況を判断する | F2: ✔ | G2: =TODAY()+1 -> 46122 | H2: =TODAY()+7 -> 46128 | I2: =TODAY()+14 -> 46135
A3: V002 | B3: 実施 | C3: じっし | D3: implementation | E3: 計画を実施する | F3: ✔ | G3: =TODAY()+1 -> 46122 | H3: =TODAY()+7 -> 46128 | I3: =TODAY()+14 -> 46135
A4: V003 | B4: 対応 | C4: たいおう | D4: response | E4: 問題に対応する | F4: ✔ | G4: =TODAY()+1 -> 46122 | H4: =TODAY()+7 -> 46128 | I4: =TODAY()+14 -> 46135
A5: V004 | B5: 影響 | C5: えいきょう | D5: influence | E5: 影響を受ける | F5: ✔ | G5: =TODAY()+1 -> 46122 | H5: =TODAY()+7 -> 46128 | I5: =TODAY()+14 -> 46135
A6: V005 | B6: 改善 | C6: かいぜん | D6: improvement | E6: 改善が必要 | F6: ✔ | G6: =TODAY()+1 -> 46122 | H6: =TODAY()+7 -> 46128 | I6: =TODAY()+14 -> 46135

Sheet Grammar
A1: Grammar ID | B1: Pattern | C1: Meaning | D1: Example | E1: Mastered (✔)
A2: G001 | B2: ～に違いない | C2: must be | D2: 彼は忙しいに違いない | E2: ✔
A3: G002 | B3: ～わけではない | C3: not necessarily | D3: 嫌いなわけではない | E3: ✔
A4: G003 | B4: ～ことになる | C4: it is decided | D4: 行くことになった | E4: ✔

Sheet Progress
A1: Week | B1: Completion %
A2: Week 1 | B2: =AVERAGE(StudyPlan!H2:'StudyPlan'!H8) -> 0
A3: Week 2 | B3: =AVERAGE(StudyPlan!H9:'StudyPlan'!H15) -> 0
A4: Week 3 | B4: =AVERAGE(StudyPlan!H16:'StudyPlan'!H22) -> 0
A5: Week 4 | B5: =AVERAGE(StudyPlan!H23:'StudyPlan'!H29) -> 0
A6: Week 5 | B6: =AVERAGE(StudyPlan!H30:'StudyPlan'!H36) -> 0
A7: Week 6 | B7: =AVERAGE(StudyPlan!H37:'StudyPlan'!H43) -> 0
A8: Week 7 | B8: =AVERAGE(StudyPlan!H44:'StudyPlan'!H50) -> 0
A9: Week 8 | B9: =AVERAGE(StudyPlan!H51:'StudyPlan'!H57) -> 0
A10: Week 9 | B10: =AVERAGE(StudyPlan!H58:'StudyPlan'!H64) -> 0
A11: Week 10 | B11: =AVERAGE(StudyPlan!H65:'StudyPlan'!H71) -> 0
A12: Week 11 | B12: =AVERAGE(StudyPlan!H72:'StudyPlan'!H78) -> 0
A13: Week 12 | B13: =AVERAGE(StudyPlan!H79:'StudyPlan'!H85) -> 0
A14: Week 13 | B14: =AVERAGE(StudyPlan!H86:'StudyPlan'!H92) -> 0
